{"loss": [0.13564354181289673, 0.14556007087230682, 0.14445467293262482, 0.13788768649101257, 0.13196483254432678, 0.13703931868076324, 0.14013177156448364, 0.13327904045581818, 0.1401364803314209, 0.13700932264328003, 0.14188718795776367, 0.14398032426834106, 0.13131940364837646, 0.13767270743846893, 0.14737308025360107, 0.12934403121471405, 0.13518142700195312, 0.14181125164031982, 0.12818849086761475, 0.1265522837638855, 0.1312016397714615, 0.12933491170406342, 0.13112202286720276, 0.13185591995716095, 0.1411437839269638, 0.13628998398780823, 0.12005551159381866, 0.13175855576992035, 0.13705481588840485, 0.12670882046222687, 0.13617616891860962, 0.1248980388045311, 0.1270504891872406, 0.1311188042163849, 0.13074731826782227, 0.13039512932300568, 0.12265324592590332, 0.12754204869270325, 0.12447530031204224, 0.1300201565027237, 0.12721870839595795, 0.12891782820224762, 0.13313037157058716, 0.12559206783771515, 0.134261354804039, 0.1257198005914688, 0.12434062361717224, 0.12451039999723434, 0.12100326269865036, 0.12625542283058167], "accuracy": [0.9549508094787598, 0.9559999704360962, 0.9544262290000916, 0.9569836258888245, 0.9560655951499939, 0.9571147561073303, 0.9562622904777527, 0.9568524360656738, 0.9545573592185974, 0.9573770761489868, 0.9558688402175903, 0.952262282371521, 0.9591475129127502, 0.957967221736908, 0.9534426331520081, 0.9569836258888245, 0.9574426412582397, 0.9535737633705139, 0.9594753980636597, 0.9594753980636597, 0.9572458863258362, 0.9583606719970703, 0.9585573673248291, 0.9601967334747314, 0.9575082063674927, 0.9565901756286621, 0.9613114595413208, 0.9578360915184021, 0.957967221736908, 0.959934413433075, 0.9585573673248291, 0.9606557488441467, 0.9597377181053162, 0.9590163826942444, 0.9588196873664856, 0.9599999785423279, 0.9617704749107361, 0.9594098329544067, 0.9609180092811584, 0.9595409631729126, 0.9607213139533997, 0.9573770761489868, 0.9591475129127502, 0.9594098329544067, 0.9594098329544067, 0.9619672298431396, 0.9600656032562256, 0.9604589939117432, 0.9615082144737244, 0.9607213139533997], "val_loss": [0.34896260499954224, 0.3574727773666382, 0.3589433431625366, 0.3560509979724884, 0.34962472319602966, 0.3649108409881592, 0.3711506128311157, 0.37150976061820984, 0.36194053292274475, 0.36161813139915466, 0.3501249849796295, 0.3602783977985382, 0.38396814465522766, 0.3645743727684021, 0.36635690927505493, 0.37535446882247925, 0.36372873187065125, 0.3595062792301178, 0.37981489300727844, 0.38549673557281494, 0.38860374689102173, 0.3823496997356415, 0.4024229049682617, 0.3784518241882324, 0.38858532905578613, 0.39508992433547974, 0.39589399099349976, 0.4054661989212036, 0.38783156871795654, 0.3882252275943756, 0.3768082857131958, 0.3895018994808197, 0.39046284556388855, 0.37981441617012024, 0.36904510855674744, 0.38698258996009827, 0.3812573254108429, 0.37250465154647827, 0.3744499087333679, 0.3739128112792969, 0.4033389687538147, 0.40761861205101013, 0.3800217807292938, 0.3779020309448242, 0.3840997815132141, 0.3956155478954315, 0.3749931752681732, 0.3689051866531372, 0.38847410678863525, 0.39815327525138855], "val_accuracy": [0.9358064532279968, 0.9367741942405701, 0.9383870959281921, 0.935161292552948, 0.9364516139030457, 0.9364516139030457, 0.9348387122154236, 0.9380645155906677, 0.935161292552948, 0.9396774172782898, 0.9403225779533386, 0.940645158290863, 0.9354838728904724, 0.9409677386283875, 0.9432258009910583, 0.9396774172782898, 0.9416128993034363, 0.9367741942405701, 0.9374193549156189, 0.9332258105278015, 0.9361290335655212, 0.9358064532279968, 0.9338709712028503, 0.939032256603241, 0.9364516139030457, 0.9345161318778992, 0.9332258105278015, 0.9338709712028503, 0.935161292552948, 0.9325806498527527, 0.9361290335655212, 0.9341935515403748, 0.9383870959281921, 0.935161292552948, 0.9374193549156189, 0.9383870959281921, 0.9358064532279968, 0.9396774172782898, 0.9409677386283875, 0.9429032206535339, 0.935161292552948, 0.9332258105278015, 0.9377419352531433, 0.9367741942405701, 0.9396774172782898, 0.9341935515403748, 0.9403225779533386, 0.939032256603241, 0.9374193549156189, 0.9377419352531433]}